id,Actual,Code
1,Organic,2
2,Organic,2
3,Organic,2
4,Electronic,1
5,Recyclable,0
6,Recyclable,0
7,Organic,2
8,Recyclable,0
9,Electronic,1
10,Organic,2
11,Recyclable,0
12,Recyclable,0
13,Electronic,1
14,Organic,2
15,Organic,2
16,Recyclable,0
17,Organic,2
18,Organic,2
19,Recyclable,0
20,Recyclable,0
21,Organic,2
22,Recyclable,0
23,Recyclable,0
24,Organic,2
25,Recyclable,0
26,Organic,2
27,Organic,2
28,Organic,2
29,Recyclable,0
30,Electronic,1
31,Organic,2
32,Recyclable,0
33,Electronic,1
34,Recyclable,0
35,Recyclable,0
36,Organic,2
37,Recyclable,0
38,Organic,2
39,Organic,2
40,Organic,2
41,Recyclable,0
42,Recyclable,0
43,Organic,2
44,Recyclable,0
45,Organic,2
46,Organic,2
47,Recyclable,0
48,Recyclable,0
49,Organic,2
50,Organic,2
51,Organic,2
52,Recyclable,0
53,Organic,2
54,Organic,2
55,Organic,2
56,Organic,2
57,Organic,2
58,Recyclable,0
59,Recyclable,0
60,Organic,2
61,Electronic,1
62,Organic,2
63,Organic,2
64,Organic,2
65,Recyclable,0
66,Electronic,1
67,Organic,2
68,Organic,2
69,Organic,2
70,Organic,2
71,Organic,2
72,Organic,2
73,Organic,2
74,Organic,2
75,Electronic,1
76,Recyclable,0
77,Electronic,1
78,Organic,2
79,Recyclable,0
80,Organic,2
81,Organic,2
82,Recyclable,0
83,Organic,2
84,Organic,2
85,Recyclable,0
86,Recyclable,0
87,Organic,2
88,Recyclable,0
89,Organic,2
90,Recyclable,0
91,Organic,2
92,Organic,2
93,Organic,2
94,Organic,2
95,Recyclable,0
96,Recyclable,0
97,Recyclable,0
98,Organic,2
99,Organic,2
100,Recyclable,0
101,Recyclable,0
102,Organic,2
103,Recyclable,0
104,Organic,2
105,Organic,2
106,Recyclable,0
107,Recyclable,0
108,Organic,2
109,Organic,2
110,Organic,2
111,Organic,2
112,Recyclable,0
113,Organic,2
114,Recyclable,0
115,Recyclable,0
116,Recyclable,0
117,Recyclable,0
118,Recyclable,0
119,Electronic,1
120,Organic,2
121,Organic,2
122,Electronic,1
123,Organic,2
124,Recyclable,0
125,Organic,2
126,Organic,2
127,Organic,2
128,Organic,2
129,Organic,2
130,Recyclable,0
131,Organic,2
132,Recyclable,0
133,Electronic,1
134,Organic,2
135,Electronic,1
136,Recyclable,0
137,Electronic,1
138,Recyclable,0
139,Organic,2
140,Electronic,1
141,Recyclable,0
142,Organic,2
143,Organic,2
144,Recyclable,0
145,Recyclable,0
146,Organic,2
147,Organic,2
148,Recyclable,0
149,Organic,2
150,Organic,2
151,Organic,2
152,Recyclable,0
153,Organic,2
154,Electronic,1
155,Recyclable,0
156,Organic,2
157,Electronic,1
158,Recyclable,0
159,Organic,2
160,Recyclable,0
161,Recyclable,0
162,Recyclable,0
163,Recyclable,0
164,Electronic,1
165,Organic,2
166,Recyclable,0
167,Organic,2
168,Organic,2
169,Recyclable,0
170,Organic,2
171,Organic,2
172,Electronic,1
173,Recyclable,0
174,Recyclable,0
175,Organic,2
176,Organic,2
177,Recyclable,0
178,Recyclable,0
179,Recyclable,0
180,Organic,2
181,Recyclable,0
182,Electronic,1
183,Organic,2
184,Recyclable,0
185,Electronic,1
186,Organic,2
187,Recyclable,0
188,Recyclable,0
189,Organic,2
190,Organic,2
191,Organic,2
192,Electronic,1
193,Recyclable,0
194,Electronic,1
195,Recyclable,0
196,Organic,2
197,Recyclable,0
198,Recyclable,0
199,Electronic,1
200,Electronic,1
201,Organic,2
202,Organic,2
203,Recyclable,0
204,Recyclable,0
205,Organic,2
206,Recyclable,0
207,Organic,2
208,Organic,2
209,Organic,2
210,Recyclable,0
211,Organic,2
212,Recyclable,0
213,Electronic,1
214,Electronic,1
215,Recyclable,0
216,Recyclable,0
217,Electronic,1
218,Organic,2
219,Organic,2
220,Organic,2
221,Recyclable,0
222,Electronic,1
223,Organic,2
224,Organic,2
225,Electronic,1
226,Organic,2
227,Organic,2
228,Electronic,1
229,Recyclable,0
230,Organic,2
231,Organic,2
232,Organic,2
233,Recyclable,0
234,Recyclable,0
235,Electronic,1
236,Organic,2
237,Organic,2
238,Organic,2
239,Recyclable,0
240,Organic,2
241,Organic,2
242,Organic,2
243,Organic,2
244,Electronic,1
245,Organic,2
246,Organic,2
247,Organic,2
248,Recyclable,0
249,Electronic,1
250,Electronic,1
251,Organic,2
252,Organic,2
253,Electronic,1
254,Organic,2
255,Recyclable,0
256,Electronic,1
257,Recyclable,0
258,Organic,2
259,Organic,2
260,Organic,2
261,Electronic,1
262,Recyclable,0
263,Organic,2
264,Recyclable,0
265,Electronic,1
266,Organic,2
267,Recyclable,0
268,Organic,2
269,Organic,2
270,Recyclable,0
271,Organic,2
272,Organic,2
273,Recyclable,0
274,Organic,2
275,Recyclable,0
276,Organic,2
277,Organic,2
278,Organic,2
279,Recyclable,0
280,Recyclable,0
281,Organic,2
282,Recyclable,0
283,Electronic,1
284,Organic,2
285,Organic,2
286,Recyclable,0
287,Organic,2
288,Organic,2
289,Organic,2
290,Organic,2
291,Organic,2
292,Organic,2
293,Recyclable,0
294,Organic,2
295,Organic,2
296,Organic,2
297,Recyclable,0
298,Electronic,1
299,Recyclable,0
300,Organic,2
301,Electronic,1
302,Recyclable,0
303,Organic,2
304,Recyclable,0
305,Organic,2
306,Organic,2
307,Electronic,1
308,Recyclable,0
309,Organic,2
310,Organic,2
311,Recyclable,0
312,Recyclable,0
313,Organic,2
314,Organic,2
315,Organic,2
316,Recyclable,0
317,Organic,2
318,Organic,2
319,Organic,2
320,Electronic,1
321,Organic,2
322,Organic,2
323,Organic,2
324,Electronic,1
325,Electronic,1
326,Electronic,1
327,Recyclable,0
328,Organic,2
329,Recyclable,0
330,Recyclable,0
331,Organic,2
332,Recyclable,0
333,Recyclable,0
334,Recyclable,0
335,Organic,2
336,Organic,2
337,Electronic,1
338,Electronic,1
339,Organic,2
340,Recyclable,0
341,Organic,2
342,Recyclable,0
343,Organic,2
344,Recyclable,0
345,Recyclable,0
346,Organic,2
347,Recyclable,0
348,Organic,2
349,Organic,2
350,Recyclable,0
351,Recyclable,0
352,Organic,2
353,Organic,2
354,Electronic,1
355,Organic,2
356,Recyclable,0
357,Organic,2
358,Recyclable,0
359,Recyclable,0
360,Recyclable,0
361,Recyclable,0
362,Organic,2
363,Recyclable,0
364,Organic,2
365,Organic,2
366,Electronic,1
367,Organic,2
368,Recyclable,0
369,Organic,2
370,Organic,2
371,Organic,2
372,Recyclable,0
373,Recyclable,0
374,Organic,2
375,Organic,2
376,Electronic,1
377,Electronic,1
378,Electronic,1
379,Organic,2
380,Organic,2
381,Recyclable,0
382,Organic,2
383,Recyclable,0
384,Organic,2
385,Recyclable,0
386,Organic,2
387,Electronic,1
388,Recyclable,0
389,Recyclable,0
390,Electronic,1
391,Organic,2
392,Organic,2
393,Recyclable,0
394,Recyclable,0
395,Organic,2
396,Recyclable,0
397,Organic,2
398,Organic,2
399,Organic,2
400,Organic,2
401,Organic,2
402,Recyclable,0
403,Recyclable,0
404,Recyclable,0
405,Recyclable,0
406,Recyclable,0
407,Recyclable,0
408,Organic,2
409,Organic,2
410,Organic,2
411,Recyclable,0
412,Organic,2
413,Recyclable,0
414,Electronic,1
415,Organic,2
416,Electronic,1
417,Recyclable,0
418,Recyclable,0
419,Organic,2
420,Organic,2
421,Organic,2
422,Organic,2
423,Electronic,1
424,Electronic,1
425,Organic,2
426,Organic,2
427,Electronic,1
428,Recyclable,0
429,Organic,2
430,Organic,2
431,Recyclable,0
432,Recyclable,0
433,Electronic,1
434,Recyclable,0
435,Organic,2
436,Electronic,1
437,Organic,2
438,Recyclable,0
439,Recyclable,0
440,Organic,2
441,Recyclable,0
442,Electronic,1
443,Electronic,1
444,Recyclable,0
445,Organic,2
446,Organic,2
447,Organic,2
448,Recyclable,0
449,Organic,2
450,Organic,2
451,Organic,2
452,Recyclable,0
453,Electronic,1
454,Organic,2
455,Organic,2
456,Organic,2
457,Organic,2
458,Recyclable,0
459,Recyclable,0
460,Recyclable,0
461,Electronic,1
462,Recyclable,0
463,Recyclable,0
464,Organic,2
465,Recyclable,0
466,Organic,2
467,Organic,2
468,Organic,2
469,Electronic,1
470,Organic,2
471,Recyclable,0
472,Electronic,1
473,Organic,2
474,Organic,2
475,Recyclable,0
476,Organic,2
477,Recyclable,0
478,Organic,2
479,Organic,2
480,Organic,2
481,Recyclable,0
482,Organic,2
483,Electronic,1
484,Organic,2
485,Recyclable,0
486,Recyclable,0
487,Organic,2
488,Recyclable,0
489,Organic,2
490,Recyclable,0
491,Organic,2
492,Recyclable,0
493,Recyclable,0
494,Organic,2
495,Organic,2
496,Organic,2
497,Organic,2
498,Organic,2
499,Recyclable,0
500,Electronic,1
501,Organic,2
502,Organic,2
503,Recyclable,0
504,Recyclable,0
505,Recyclable,0
506,Recyclable,0
507,Electronic,1
508,Recyclable,0
509,Organic,2
510,Organic,2
511,Recyclable,0
512,Recyclable,0
513,Organic,2
514,Electronic,1
515,Recyclable,0
516,Recyclable,0
517,Organic,2
518,Recyclable,0
519,Organic,2
520,Organic,2
521,Organic,2
522,Organic,2
523,Recyclable,0
524,Recyclable,0
525,Organic,2
526,Recyclable,0
527,Electronic,1
528,Electronic,1
529,Organic,2
530,Recyclable,0
531,Organic,2
532,Recyclable,0
533,Recyclable,0
534,Recyclable,0
535,Electronic,1
536,Recyclable,0
537,Recyclable,0
538,Organic,2
539,Organic,2
540,Organic,2
541,Organic,2
542,Organic,2
543,Recyclable,0
544,Electronic,1
545,Organic,2
546,Recyclable,0
547,Organic,2
548,Recyclable,0
549,Electronic,1
550,Organic,2
551,Recyclable,0
552,Organic,2
553,Recyclable,0
554,Organic,2
555,Electronic,1
556,Organic,2
557,Organic,2
558,Recyclable,0
559,Recyclable,0
560,Organic,2
561,Recyclable,0
562,Organic,2
563,Recyclable,0
564,Organic,2
565,Recyclable,0
566,Organic,2
567,Recyclable,0
568,Organic,2
569,Electronic,1
570,Recyclable,0
571,Electronic,1
572,Organic,2
573,Organic,2
574,Electronic,1
575,Recyclable,0
576,Recyclable,0
577,Recyclable,0
578,Organic,2
579,Electronic,1
580,Organic,2
581,Organic,2
582,Recyclable,0
583,Electronic,1
584,Organic,2
585,Organic,2
586,Organic,2
587,Organic,2
588,Recyclable,0
589,Electronic,1
590,Organic,2
591,Recyclable,0
592,Recyclable,0
593,Organic,2
594,Electronic,1
595,Organic,2
596,Recyclable,0
597,Recyclable,0
598,Organic,2
599,Electronic,1
600,Organic,2
601,Recyclable,0
602,Organic,2
603,Organic,2
604,Recyclable,0
605,Recyclable,0
606,Organic,2
607,Recyclable,0
608,Recyclable,0
609,Organic,2
610,Recyclable,0
611,Recyclable,0
612,Recyclable,0
613,Organic,2
614,Organic,2
615,Electronic,1
616,Organic,2
617,Organic,2
618,Organic,2
619,Recyclable,0
620,Organic,2
621,Recyclable,0
622,Recyclable,0
623,Organic,2
624,Organic,2
625,Electronic,1
626,Organic,2
627,Organic,2
628,Organic,2
629,Recyclable,0
630,Recyclable,0
631,Organic,2
632,Organic,2
633,Organic,2
634,Recyclable,0
635,Recyclable,0
636,Organic,2
637,Recyclable,0
638,Recyclable,0
639,Recyclable,0
640,Recyclable,0
641,Organic,2
642,Organic,2
643,Organic,2
644,Organic,2
645,Organic,2
646,Organic,2
647,Recyclable,0
648,Organic,2
649,Organic,2
650,Organic,2
651,Electronic,1
652,Recyclable,0
653,Electronic,1
654,Recyclable,0
655,Recyclable,0
656,Recyclable,0
657,Organic,2
658,Electronic,1
659,Recyclable,0
660,Recyclable,0
661,Recyclable,0
662,Organic,2
663,Organic,2
664,Electronic,1
665,Organic,2
666,Organic,2
667,Electronic,1
668,Organic,2
669,Recyclable,0
670,Recyclable,0
671,Electronic,1
672,Recyclable,0
673,Recyclable,0
674,Recyclable,0
675,Recyclable,0
676,Recyclable,0
677,Organic,2
678,Organic,2
679,Organic,2
680,Electronic,1
681,Recyclable,0
682,Electronic,1
683,Organic,2
684,Organic,2
685,Recyclable,0
686,Electronic,1
687,Recyclable,0
688,Recyclable,0
689,Organic,2
690,Electronic,1
691,Electronic,1
692,Organic,2
693,Electronic,1
694,Organic,2
695,Organic,2
696,Organic,2
697,Recyclable,0
698,Organic,2
699,Electronic,1
700,Recyclable,0
701,Organic,2
702,Organic,2
703,Recyclable,0
704,Recyclable,0
705,Electronic,1
706,Organic,2
707,Organic,2
708,Recyclable,0
709,Electronic,1
710,Organic,2
711,Electronic,1
712,Electronic,1
713,Organic,2
714,Organic,2
715,Organic,2
716,Organic,2
717,Organic,2
718,Organic,2
719,Electronic,1
720,Organic,2
721,Organic,2
722,Recyclable,0
723,Organic,2
724,Recyclable,0
725,Organic,2
726,Organic,2
727,Organic,2
728,Organic,2
729,Recyclable,0
730,Recyclable,0
731,Organic,2
732,Organic,2
733,Organic,2
734,Recyclable,0
735,Recyclable,0
736,Electronic,1
737,Organic,2
738,Organic,2
739,Organic,2
740,Recyclable,0
741,Organic,2
742,Organic,2
743,Organic,2
744,Recyclable,0
745,Organic,2
746,Organic,2
747,Organic,2
748,Recyclable,0
749,Recyclable,0
750,Organic,2
751,Organic,2
752,Recyclable,0
753,Electronic,1
754,Electronic,1
755,Recyclable,0
756,Recyclable,0
757,Recyclable,0
758,Organic,2
759,Organic,2
760,Organic,2
761,Recyclable,0
762,Organic,2
763,Organic,2
764,Organic,2
765,Organic,2
766,Electronic,1
767,Organic,2
768,Recyclable,0
769,Organic,2
770,Recyclable,0
771,Organic,2
772,Organic,2
773,Recyclable,0
774,Organic,2
775,Recyclable,0
776,Recyclable,0
777,Electronic,1
778,Organic,2
779,Recyclable,0
780,Organic,2
781,Recyclable,0
782,Electronic,1
783,Recyclable,0
784,Organic,2
785,Recyclable,0
786,Recyclable,0
787,Electronic,1
788,Organic,2
789,Recyclable,0
790,Organic,2
791,Organic,2
792,Organic,2
793,Organic,2
794,Organic,2
795,Organic,2
796,Recyclable,0
797,Organic,2
798,Recyclable,0
799,Organic,2
800,Recyclable,0
801,Organic,2
802,Recyclable,0
803,Organic,2
804,Electronic,1
805,Recyclable,0
806,Electronic,1
807,Recyclable,0
808,Electronic,1
809,Recyclable,0
810,Recyclable,0
811,Organic,2
812,Recyclable,0
813,Organic,2
814,Recyclable,0
815,Recyclable,0
816,Organic,2
817,Organic,2
818,Electronic,1
819,Organic,2
820,Organic,2
821,Recyclable,0
822,Organic,2
823,Recyclable,0
824,Organic,2
825,Organic,2
826,Recyclable,0
827,Recyclable,0
828,Recyclable,0
829,Organic,2
830,Organic,2
831,Recyclable,0
832,Recyclable,0
833,Recyclable,0
834,Organic,2
835,Organic,2
836,Organic,2
837,Organic,2
838,Organic,2
839,Recyclable,0
840,Organic,2
841,Recyclable,0
842,Recyclable,0
843,Recyclable,0
844,Recyclable,0
845,Organic,2
846,Organic,2
847,Organic,2
848,Recyclable,0
849,Recyclable,0
850,Electronic,1
851,Recyclable,0
852,Recyclable,0
853,Recyclable,0
854,Electronic,1
855,Organic,2
856,Recyclable,0
857,Electronic,1
858,Recyclable,0
859,Organic,2
860,Recyclable,0
861,Organic,2
862,Electronic,1
863,Organic,2
864,Organic,2
865,Recyclable,0
866,Recyclable,0
867,Recyclable,0
868,Organic,2
869,Recyclable,0
870,Organic,2
871,Electronic,1
872,Organic,2
873,Recyclable,0
874,Electronic,1
875,Electronic,1
876,Organic,2
877,Electronic,1
878,Recyclable,0
879,Recyclable,0
880,Organic,2
881,Recyclable,0
882,Electronic,1
883,Organic,2
884,Recyclable,0
885,Electronic,1
886,Organic,2
887,Organic,2
888,Recyclable,0
889,Recyclable,0
890,Electronic,1
891,Recyclable,0
892,Organic,2
893,Electronic,1
894,Recyclable,0
895,Organic,2
896,Recyclable,0
897,Organic,2
898,Recyclable,0
899,Recyclable,0
900,Organic,2
901,Recyclable,0
902,Recyclable,0
903,Organic,2
904,Recyclable,0
905,Electronic,1
906,Organic,2
907,Recyclable,0
908,Recyclable,0
909,Recyclable,0
910,Organic,2
911,Electronic,1
912,Electronic,1
913,Organic,2
914,Electronic,1
915,Recyclable,0
916,Electronic,1
917,Organic,2
918,Organic,2
919,Electronic,1
920,Recyclable,0
921,Recyclable,0
922,Recyclable,0
923,Organic,2
924,Organic,2
925,Organic,2
926,Organic,2
927,Recyclable,0
928,Organic,2
929,Organic,2
930,Recyclable,0
931,Electronic,1
932,Recyclable,0
933,Organic,2
934,Organic,2
935,Recyclable,0
936,Recyclable,0
937,Organic,2
938,Recyclable,0
939,Organic,2
940,Recyclable,0
941,Organic,2
942,Electronic,1
943,Organic,2
944,Recyclable,0
945,Recyclable,0
946,Organic,2
947,Recyclable,0
948,Recyclable,0
949,Recyclable,0
950,Electronic,1
951,Recyclable,0
952,Organic,2
953,Recyclable,0
954,Organic,2
955,Recyclable,0
956,Organic,2
957,Recyclable,0
958,Organic,2
959,Organic,2
960,Recyclable,0
961,Organic,2
962,Recyclable,0
963,Recyclable,0
964,Organic,2
965,Organic,2
966,Recyclable,0
967,Organic,2
968,Recyclable,0
969,Organic,2
970,Organic,2
971,Recyclable,0
972,Recyclable,0
973,Organic,2
974,Organic,2
975,Organic,2
976,Recyclable,0
977,Organic,2
978,Organic,2
979,Electronic,1
980,Organic,2
981,Organic,2
982,Recyclable,0
983,Organic,2
984,Organic,2
985,Recyclable,0
986,Organic,2
987,Electronic,1
988,Organic,2
989,Recyclable,0
990,Recyclable,0
991,Electronic,1
992,Recyclable,0
993,Organic,2
994,Organic,2
995,Recyclable,0
996,Organic,2
997,Electronic,1
998,Organic,2
999,Recyclable,0
1000,Organic,2
1001,Recyclable,0
1002,Organic,2
1003,Recyclable,0
1004,Recyclable,0
1005,Electronic,1
1006,Organic,2
1007,Organic,2
1008,Recyclable,0
1009,Organic,2
1010,Recyclable,0
1011,Electronic,1
1012,Organic,2
1013,Recyclable,0
1014,Electronic,1
1015,Organic,2
1016,Organic,2
1017,Recyclable,0
1018,Recyclable,0
1019,Electronic,1
1020,Electronic,1
1021,Organic,2
1022,Recyclable,0
1023,Recyclable,0
1024,Organic,2
1025,Electronic,1
1026,Organic,2
1027,Recyclable,0
1028,Organic,2
1029,Electronic,1
1030,Electronic,1
1031,Organic,2
1032,Electronic,1
1033,Recyclable,0
1034,Organic,2
1035,Recyclable,0
1036,Organic,2
1037,Organic,2
1038,Organic,2
1039,Recyclable,0
1040,Recyclable,0
1041,Electronic,1
1042,Organic,2
1043,Organic,2
1044,Recyclable,0
1045,Organic,2
1046,Recyclable,0
1047,Organic,2
1048,Organic,2
1049,Organic,2
1050,Electronic,1
1051,Recyclable,0
1052,Organic,2
1053,Organic,2
1054,Recyclable,0
1055,Organic,2
1056,Organic,2
1057,Recyclable,0
1058,Recyclable,0
1059,Organic,2
1060,Organic,2
1061,Recyclable,0
1062,Organic,2
1063,Organic,2
1064,Recyclable,0
1065,Electronic,1
1066,Recyclable,0
1067,Organic,2
1068,Recyclable,0
1069,Organic,2
1070,Organic,2
1071,Recyclable,0
1072,Organic,2
1073,Electronic,1
1074,Electronic,1
1075,Recyclable,0
1076,Organic,2
1077,Recyclable,0
1078,Organic,2
1079,Recyclable,0
1080,Recyclable,0
1081,Electronic,1
1082,Organic,2
1083,Electronic,1
1084,Recyclable,0
1085,Recyclable,0
1086,Organic,2
1087,Organic,2
1088,Recyclable,0
1089,Electronic,1
1090,Organic,2
1091,Recyclable,0
1092,Recyclable,0
1093,Organic,2
1094,Organic,2
1095,Organic,2
1096,Electronic,1
1097,Organic,2
1098,Organic,2
1099,Organic,2
1100,Organic,2
1101,Recyclable,0
1102,Organic,2
1103,Organic,2
1104,Organic,2
1105,Recyclable,0
1106,Recyclable,0
1107,Recyclable,0
1108,Recyclable,0
1109,Organic,2
1110,Organic,2
1111,Organic,2
1112,Recyclable,0
1113,Organic,2
1114,Recyclable,0
1115,Electronic,1
1116,Electronic,1
1117,Recyclable,0
1118,Organic,2
1119,Recyclable,0
1120,Recyclable,0
1121,Recyclable,0
1122,Organic,2
1123,Recyclable,0
1124,Electronic,1
1125,Organic,2
1126,Organic,2
1127,Electronic,1
1128,Recyclable,0
1129,Organic,2
1130,Recyclable,0
1131,Electronic,1
1132,Organic,2
1133,Recyclable,0
1134,Electronic,1
1135,Recyclable,0
1136,Recyclable,0
1137,Recyclable,0
1138,Recyclable,0
1139,Recyclable,0
1140,Electronic,1
1141,Recyclable,0
1142,Organic,2
1143,Recyclable,0
1144,Recyclable,0
1145,Electronic,1
1146,Organic,2
1147,Organic,2
1148,Recyclable,0
1149,Organic,2
1150,Organic,2
1151,Organic,2
1152,Organic,2
1153,Organic,2
1154,Recyclable,0
1155,Organic,2
1156,Recyclable,0
1157,Organic,2
1158,Organic,2
1159,Recyclable,0
1160,Recyclable,0
1161,Organic,2
1162,Organic,2
1163,Recyclable,0
1164,Organic,2
1165,Organic,2
1166,Organic,2
1167,Organic,2
1168,Recyclable,0
1169,Electronic,1
1170,Organic,2
1171,Organic,2
1172,Organic,2
1173,Organic,2
1174,Organic,2
1175,Recyclable,0
1176,Organic,2
1177,Recyclable,0
1178,Organic,2
1179,Organic,2
1180,Recyclable,0
1181,Recyclable,0
1182,Recyclable,0
1183,Organic,2
1184,Organic,2
1185,Organic,2
1186,Organic,2
1187,Recyclable,0
1188,Recyclable,0
1189,Organic,2
1190,Organic,2
1191,Recyclable,0
1192,Recyclable,0
1193,Recyclable,0
1194,Organic,2
1195,Organic,2
1196,Organic,2
1197,Organic,2
1198,Recyclable,0
1199,Organic,2
1200,Organic,2
1201,Organic,2
1202,Organic,2
1203,Organic,2
1204,Organic,2
1205,Organic,2
1206,Recyclable,0
1207,Organic,2
1208,Electronic,1
1209,Organic,2
1210,Recyclable,0
1211,Organic,2
1212,Recyclable,0
1213,Organic,2
1214,Recyclable,0
1215,Organic,2
1216,Organic,2
1217,Recyclable,0
1218,Organic,2
1219,Electronic,1
1220,Electronic,1
1221,Organic,2
1222,Organic,2
1223,Organic,2
1224,Organic,2
1225,Recyclable,0
1226,Organic,2
1227,Recyclable,0
1228,Recyclable,0
1229,Organic,2
1230,Organic,2
1231,Recyclable,0
1232,Recyclable,0
1233,Electronic,1
1234,Electronic,1
1235,Organic,2
1236,Organic,2
1237,Organic,2
1238,Recyclable,0
1239,Recyclable,0
1240,Organic,2
1241,Organic,2
1242,Recyclable,0
1243,Organic,2
1244,Electronic,1
1245,Recyclable,0
1246,Organic,2
1247,Organic,2
1248,Organic,2
1249,Organic,2
1250,Recyclable,0
1251,Organic,2
1252,Recyclable,0
1253,Organic,2
1254,Organic,2
1255,Organic,2
1256,Electronic,1
1257,Recyclable,0
1258,Recyclable,0
1259,Organic,2
1260,Electronic,1
1261,Organic,2
1262,Organic,2
1263,Recyclable,0
1264,Recyclable,0
1265,Organic,2
1266,Organic,2
1267,Organic,2
1268,Organic,2
1269,Organic,2
1270,Organic,2
1271,Recyclable,0
1272,Organic,2
1273,Organic,2
1274,Organic,2
1275,Electronic,1
1276,Organic,2
1277,Electronic,1
1278,Recyclable,0
1279,Organic,2
1280,Organic,2
1281,Electronic,1
1282,Organic,2
1283,Recyclable,0
1284,Organic,2
1285,Electronic,1
1286,Organic,2
1287,Electronic,1
1288,Organic,2
1289,Recyclable,0
1290,Organic,2
1291,Organic,2
1292,Organic,2
1293,Recyclable,0
1294,Recyclable,0
1295,Recyclable,0
1296,Organic,2
1297,Electronic,1
1298,Recyclable,0
1299,Organic,2
1300,Recyclable,0
1301,Organic,2
1302,Electronic,1
1303,Organic,2
1304,Recyclable,0
1305,Organic,2
1306,Organic,2
1307,Electronic,1
1308,Organic,2
1309,Recyclable,0
1310,Recyclable,0
1311,Electronic,1
1312,Organic,2
1313,Recyclable,0
1314,Recyclable,0
1315,Organic,2
1316,Recyclable,0
1317,Organic,2
1318,Organic,2
1319,Organic,2
1320,Organic,2
1321,Organic,2
1322,Organic,2
1323,Recyclable,0
1324,Organic,2
1325,Organic,2
1326,Recyclable,0
1327,Organic,2
1328,Recyclable,0
1329,Recyclable,0
1330,Recyclable,0
1331,Recyclable,0
1332,Organic,2
1333,Organic,2
1334,Organic,2
1335,Recyclable,0
1336,Organic,2
1337,Recyclable,0
1338,Organic,2
1339,Recyclable,0
1340,Organic,2
1341,Recyclable,0
1342,Recyclable,0
1343,Organic,2
1344,Organic,2
1345,Recyclable,0
1346,Recyclable,0
1347,Electronic,1
1348,Organic,2
1349,Electronic,1
1350,Recyclable,0
1351,Recyclable,0
1352,Organic,2
1353,Organic,2
1354,Organic,2
1355,Recyclable,0
1356,Organic,2
1357,Organic,2
1358,Organic,2
1359,Organic,2
1360,Organic,2
1361,Organic,2
1362,Recyclable,0
1363,Organic,2
1364,Recyclable,0
1365,Electronic,1
1366,Recyclable,0
1367,Organic,2
1368,Organic,2
1369,Organic,2
1370,Recyclable,0
1371,Recyclable,0
1372,Organic,2
1373,Recyclable,0
1374,Organic,2
1375,Electronic,1
1376,Recyclable,0
1377,Recyclable,0
1378,Organic,2
1379,Recyclable,0
1380,Organic,2
1381,Organic,2
1382,Recyclable,0
1383,Electronic,1
1384,Electronic,1
1385,Organic,2
1386,Recyclable,0
1387,Recyclable,0
1388,Electronic,1
1389,Organic,2
1390,Electronic,1
1391,Recyclable,0
1392,Recyclable,0
1393,Recyclable,0
1394,Organic,2
1395,Organic,2
1396,Recyclable,0
1397,Recyclable,0
1398,Recyclable,0
1399,Organic,2
1400,Organic,2
1401,Recyclable,0
1402,Recyclable,0
1403,Recyclable,0
1404,Organic,2
1405,Recyclable,0
1406,Recyclable,0
1407,Organic,2
1408,Electronic,1
1409,Recyclable,0
1410,Organic,2
1411,Recyclable,0
1412,Organic,2
1413,Recyclable,0
1414,Electronic,1
1415,Recyclable,0
1416,Recyclable,0
1417,Organic,2
1418,Recyclable,0
1419,Organic,2
1420,Organic,2
1421,Organic,2
1422,Electronic,1
1423,Recyclable,0
1424,Recyclable,0
1425,Organic,2
1426,Recyclable,0
1427,Recyclable,0
1428,Organic,2
1429,Organic,2
1430,Recyclable,0
1431,Electronic,1
1432,Organic,2
1433,Organic,2
1434,Recyclable,0
1435,Organic,2
1436,Organic,2
1437,Recyclable,0
1438,Recyclable,0
1439,Recyclable,0
1440,Organic,2
1441,Recyclable,0
1442,Organic,2
1443,Organic,2
1444,Recyclable,0
1445,Recyclable,0
1446,Recyclable,0
1447,Organic,2
1448,Recyclable,0
1449,Organic,2
1450,Organic,2
1451,Recyclable,0
1452,Electronic,1
1453,Electronic,1
1454,Organic,2
1455,Organic,2
1456,Recyclable,0
1457,Organic,2
1458,Recyclable,0
